"Library";"(pair of) chromosome(s)";"ID";"nbPS";"nbA";"nbB";"left_borderA";"right_borderA";"deltaA";"cen_posA";"left_borderB";"right_borderB";"deltaB";"cen_posB";"SV_size_min";"SV_size_max";"p-balanced";"PS";"str1";"chr1";"pos1";"st2r";"chr2";"pos2";"L"
"example.bam";"chr16";"1";"3";"3";"-1";"227764";"229194";"1430";"NA";"-1";"-1";"-1";"NA";"2713";"2713";"-1";"AZOTE_61WKLAAXX_61WKLAAXX:1:40:7770:7571#0";"-";"chr16";"220394";"+";"chr16";"229194";"8749"
"example.bam";"chr16";"1";"3";"3";"-1";"227764";"229194";"1430";"NA";"-1";"-1";"-1";"NA";"2713";"2713";"-1";"AZOTE_61WKLAAXX_61WKLAAXX:1:56:3910:15679#0";"-";"chr16";"226725";"+";"chr16";"234884";"8108"
"example.bam";"chr16";"1";"3";"3";"-1";"227764";"229194";"1430";"NA";"-1";"-1";"-1";"NA";"2713";"2713";"-1";"AZOTE_61WKLAAXX_61WKLAAXX:1:9:3229:1172#0";"-";"chr16";"227764";"+";"chr16";"236151";"8336"
"example.bam";"chr16";"2";"2";"2";"-1";"246246";"251445";"5199";"NA";"-1";"-1";"-1";"NA";"2863";"2863";"-1";"AZOTE_61WKLAAXX_61WKLAAXX:1:103:12282:19536#0";"-";"chr16";"243591";"+";"chr16";"251445";"7803"
"example.bam";"chr16";"2";"2";"2";"-1";"246246";"251445";"5199";"NA";"-1";"-1";"-1";"NA";"2863";"2863";"-1";"AZOTE_61WKLAAXX_61WKLAAXX:1:29:16152:8249#0";"-";"chr16";"246246";"+";"chr16";"255467";"9170"
"example.bam";"chr16";"3";"2";"2";"-1";"319843";"322542";"2699";"NA";"-1";"-1";"-1";"NA";"2581";"2581";"-1";"AZOTE_61WKLAAXX_61WKLAAXX:1:113:14561:4690#0";"-";"chr16";"314667";"+";"chr16";"322542";"7824"
"example.bam";"chr16";"3";"2";"2";"-1";"319843";"322542";"2699";"NA";"-1";"-1";"-1";"NA";"2581";"2581";"-1";"AZOTE_61WKLAAXX_61WKLAAXX:1:103:16453:17719#0";"-";"chr16";"319843";"+";"chr16";"328478";"8584"
"example.bam";"chr16";"4";"2";"2";"-1";"456173";"461740";"5567";"NA";"-1";"-1";"-1";"NA";"2466";"2466";"-1";"AZOTE_61WKLAAXX_61WKLAAXX:1:111:12549:17048#0";"-";"chr16";"453899";"+";"chr16";"461740";"7790"
"example.bam";"chr16";"4";"2";"2";"-1";"456173";"461740";"5567";"NA";"-1";"-1";"-1";"NA";"2466";"2466";"-1";"AZOTE_61WKLAAXX_61WKLAAXX:1:90:12436:19697#0";"-";"chr16";"456173";"+";"chr16";"464612";"8388"
"example.bam";"chr16";"5";"2";"2";"-1";"702422";"708667";"6245";"NA";"-1";"-1";"-1";"NA";"2767";"2767";"-1";"AZOTE_61WKLAAXX_61WKLAAXX:1:80:14377:20503#0";"-";"chr16";"700173";"+";"chr16";"708667";"8443"
"example.bam";"chr16";"5";"2";"2";"-1";"702422";"708667";"6245";"NA";"-1";"-1";"-1";"NA";"2767";"2767";"-1";"AZOTE_61WKLAAXX_61WKLAAXX:1:40:8822:14609#0";"-";"chr16";"702422";"+";"chr16";"710811";"8338"
"example.bam";"chr16";"6";"2";"2";"-1";"715347";"722403";"7056";"NA";"-1";"-1";"-1";"NA";"3594";"3594";"-1";"AZOTE_61WKLAAXX_61WKLAAXX:1:4:2638:2649#0";"-";"chr16";"714124";"+";"chr16";"722403";"8228"
"example.bam";"chr16";"6";"2";"2";"-1";"715347";"722403";"7056";"NA";"-1";"-1";"-1";"NA";"3594";"3594";"-1";"AZOTE_61WKLAAXX_61WKLAAXX:1:54:10222:14917#0";"-";"chr16";"715347";"+";"chr16";"725605";"10207"
